node_id,x3_m,y3_m,x1_m,y1_m,ok,reason_code,reason_label,disc,root1,root2,chosen_root,checks
0,0,0,0.0015,0,1,0,ok,1,0,nan,0,""
1,0.0006266666666666666,0,0.002126666666666666,0,1,0,ok,1,5.726155482769233e-05,nan,5.726155482769233e-05,""
2,0.0006224293708516176,7.275155951847761e-05,0.002122429370851618,7.275155951847761e-05,1,0,ok,1,5.694127547659295e-05,nan,5.694127547659295e-05,""
3,0.0006097747855633562,0.0001445192789985958,0.002109774785563356,0.0001445192789985958,1,0,ok,1,5.59847686520832e-05,nan,5.59847686520832e-05,""
4,0.0005888740423591693,0.0002143326231507524,0.002088874042359169,0.0002143326231507524,1,0,ok,1,5.440496946809313e-05,nan,5.440496946809313e-05,""
5,0.0005600097879360051,0.0002812474862589563,0.002060009787936005,0.0002812474862589563,1,0,ok,1,5.222324199846652e-05,nan,5.222324199846652e-05,""
6,0.0005235723618187735,0.0003443589595910384,0.002023572361818774,0.0003443589595910384,1,0,ok,1,4.946909036451091e-05,nan,4.946909036451091e-05,""
7,0.0004800545176878929,0.0004028135687368979,0.001980054517687893,0.0004028135687368979,1,0,ok,1,4.61797597423731e-05,nan,4.61797597423731e-05,""
8,0.0004300447597310731,0.0004558208153857772,0.001930044759731073,0.0004558208153857772,1,0,ok,1,4.239973268592434e-05,nan,4.239973268592434e-05,""
9,0.000374219384133746,0.0005026638674598274,0.001874219384133746,0.0005026638674598274,1,0,ok,1,3.818012757652711e-05,nan,3.818012757652711e-05,""
10,0.0003133333333333334,0.0005427092530382482,0.001813333333333333,0.0005427092530382482,1,0,ok,1,3.357800733462145e-05,nan,3.357800733462145e-05,""
11,0.0002482099867178716,0.0005754154269783051,0.001748209986717872,0.0005754154269783051,1,0,ok,1,2.865560774161597e-05,nan,2.865560774161597e-05,""
12,0.0001797300258322833,0.000600340094384373,0.001679730025832283,0.000600340094384373,1,0,ok,1,2.347949580770899e-05,nan,2.347949580770899e-05,""
13,0.0001088195246712764,0.0006171461918876504,0.001608819524671277,0.0006171461918876504,1,0,ok,1,1.811966956727015e-05,nan,1.811966956727015e-05,""
14,3.643742611723142e-05,0.0006256064458499947,0.001536437426117231,0.0006256064458499947,1,0,ok,1,1.26486114755053e-05,nan,1.26486114755053e-05,""
15,-3.643742611723148e-05,0.0006256064458499947,0.001463562573882769,0.0006256064458499947,1,0,ok,1,7.140308207594526e-06,nan,7.140308207594526e-06,""
16,-0.0001088195246712762,0.0006171461918876504,0.001391180475328724,0.0006171461918876504,1,0,ok,1,1.669250115829673e-06,nan,1.669250115829673e-06,""
17,-0.0001797300258322832,0.000600340094384373,0.001320269974167717,0.000600340094384373,1,0,ok,1,-3.690576124609161e-06,nan,-3.690576124609161e-06,"t_negative_used"
18,-0.0002482099867178716,0.0005754154269783051,0.001251790013282128,0.0005754154269783051,1,0,ok,1,-8.866688058516148e-06,nan,-8.866688058516148e-06,"t_negative_used"
19,-0.0003133333333333332,0.0005427092530382483,0.001186666666666667,0.0005427092530382483,1,0,ok,1,-1.37890876515214e-05,nan,-1.37890876515214e-05,"t_negative_used"
20,-0.0003742193841337459,0.0005026638674598276,0.001125780615866254,0.0005026638674598276,1,0,ok,1,-1.839120789342706e-05,nan,-1.839120789342706e-05,"t_negative_used"
21,-0.000430044759731073,0.0004558208153857772,0.001069955240268927,0.0004558208153857772,1,0,ok,1,-2.261081300282452e-05,nan,-2.261081300282452e-05,"t_negative_used"
22,-0.000480054517687893,0.0004028135687368979,0.001019945482312107,0.0004028135687368979,1,0,ok,1,-2.63908400592735e-05,nan,-2.63908400592735e-05,"t_negative_used"
23,-0.0005235723618187733,0.0003443589595910386,0.0009764276381812267,0.0003443589595910386,1,0,ok,1,-2.968017068141109e-05,nan,-2.968017068141109e-05,"t_negative_used"
24,-0.0005600097879360049,0.0002812474862589564,0.0009399902120639951,0.0002812474862589564,1,0,ok,1,-3.243432231536648e-05,nan,-3.243432231536648e-05,"t_negative_used"
25,-0.0005888740423591692,0.0002143326231507525,0.0009111259576408308,0.0002143326231507525,1,0,ok,1,-3.461604978499352e-05,nan,-3.461604978499352e-05,"t_negative_used"
26,-0.0006097747855633562,0.0001445192789985959,0.0008902252144366438,0.0001445192789985959,1,0,ok,1,-3.619584896898337e-05,nan,-3.619584896898337e-05,"t_negative_used"
27,-0.0006224293708516176,7.275155951847742e-05,0.0008775706291483824,7.275155951847742e-05,1,0,ok,1,-3.715235579349291e-05,nan,-3.715235579349291e-05,"t_negative_used"
28,-0.0006266666666666666,7.674453274656746e-20,0.0008733333333333334,7.674453274656746e-20,1,0,ok,1,-3.747263514459272e-05,nan,-3.747263514459272e-05,"t_negative_used"
29,-0.0006224293708516176,-7.275155951847754e-05,0.0008775706291483824,-7.275155951847754e-05,1,0,ok,1,-3.715235579349291e-05,nan,-3.715235579349291e-05,"t_negative_used"
30,-0.0006097747855633563,-0.0001445192789985958,0.0008902252144366437,-0.0001445192789985958,1,0,ok,1,-3.619584896898337e-05,nan,-3.619584896898337e-05,"t_negative_used"
31,-0.0005888740423591693,-0.0002143326231507521,0.0009111259576408307,-0.0002143326231507521,1,0,ok,1,-3.461604978499352e-05,nan,-3.461604978499352e-05,"t_negative_used"
32,-0.0005600097879360051,-0.0002812474862589563,0.000939990212063995,-0.0002812474862589563,1,0,ok,1,-3.243432231536648e-05,nan,-3.243432231536648e-05,"t_negative_used"
33,-0.0005235723618187735,-0.0003443589595910384,0.0009764276381812265,-0.0003443589595910384,1,0,ok,1,-2.968017068141109e-05,nan,-2.968017068141109e-05,"t_negative_used"
34,-0.0004800545176878929,-0.0004028135687368979,0.001019945482312107,-0.0004028135687368979,1,0,ok,1,-2.63908400592735e-05,nan,-2.63908400592735e-05,"t_negative_used"
35,-0.0004300447597310731,-0.0004558208153857771,0.001069955240268927,-0.0004558208153857771,1,0,ok,1,-2.261081300282452e-05,nan,-2.261081300282452e-05,"t_negative_used"
36,-0.000374219384133746,-0.0005026638674598274,0.001125780615866254,-0.0005026638674598274,1,0,ok,1,-1.839120789342706e-05,nan,-1.839120789342706e-05,"t_negative_used"
37,-0.0003133333333333336,-0.0005427092530382481,0.001186666666666666,-0.0005427092530382481,1,0,ok,1,-1.37890876515214e-05,nan,-1.37890876515214e-05,"t_negative_used"
38,-0.0002482099867178716,-0.0005754154269783051,0.001251790013282128,-0.0005754154269783051,1,0,ok,1,-8.866688058516148e-06,nan,-8.866688058516148e-06,"t_negative_used"
39,-0.0001797300258322835,-0.0006003400943843729,0.001320269974167717,-0.0006003400943843729,1,0,ok,1,-3.690576124609161e-06,nan,-3.690576124609161e-06,"t_negative_used"
40,-0.0001088195246712763,-0.0006171461918876504,0.001391180475328724,-0.0006171461918876504,1,0,ok,1,1.669250115829673e-06,nan,1.669250115829673e-06,""
41,-3.643742611723177e-05,-0.0006256064458499947,0.001463562573882768,-0.0006256064458499947,1,0,ok,1,7.140308207594526e-06,nan,7.140308207594526e-06,""
42,3.643742611723099e-05,-0.0006256064458499947,0.001536437426117231,-0.0006256064458499947,1,0,ok,1,1.26486114755053e-05,nan,1.26486114755053e-05,""
43,0.0001088195246712767,-0.0006171461918876504,0.001608819524671277,-0.0006171461918876504,1,0,ok,1,1.811966956727015e-05,nan,1.811966956727015e-05,""
44,0.0001797300258322833,-0.000600340094384373,0.001679730025832283,-0.000600340094384373,1,0,ok,1,2.347949580770899e-05,nan,2.347949580770899e-05,""
45,0.0002482099867178714,-0.0005754154269783052,0.001748209986717871,-0.0005754154269783052,1,0,ok,1,2.865560774161597e-05,nan,2.865560774161597e-05,""
46,0.0003133333333333334,-0.0005427092530382482,0.001813333333333333,-0.0005427092530382482,1,0,ok,1,3.357800733462145e-05,nan,3.357800733462145e-05,""
47,0.0003742193841337458,-0.0005026638674598276,0.001874219384133746,-0.0005026638674598276,1,0,ok,1,3.818012757652711e-05,nan,3.818012757652711e-05,""
48,0.0004300447597310731,-0.0004558208153857771,0.001930044759731073,-0.0004558208153857771,1,0,ok,1,4.239973268592434e-05,nan,4.239973268592434e-05,""
49,0.0004800545176878927,-0.0004028135687368981,0.001980054517687893,-0.0004028135687368981,1,0,ok,1,4.61797597423731e-05,nan,4.61797597423731e-05,""
50,0.0005235723618187732,-0.0003443589595910389,0.002023572361818773,-0.0003443589595910389,1,0,ok,1,4.946909036451091e-05,nan,4.946909036451091e-05,""
51,0.0005600097879360049,-0.0002812474862589565,0.002060009787936005,-0.0002812474862589565,1,0,ok,1,5.222324199846652e-05,nan,5.222324199846652e-05,""
52,0.0005888740423591691,-0.0002143326231507528,0.002088874042359169,-0.0002143326231507528,1,0,ok,1,5.440496946809356e-05,nan,5.440496946809356e-05,""
53,0.0006097747855633563,-0.0001445192789985955,0.002109774785563357,-0.0001445192789985955,1,0,ok,1,5.59847686520832e-05,nan,5.59847686520832e-05,""
54,0.0006224293708516176,-7.275155951847748e-05,0.002122429370851618,-7.275155951847748e-05,1,0,ok,1,5.694127547659295e-05,nan,5.694127547659295e-05,""
55,0.001253333333333333,0,0.002753333333333333,0,1,0,ok,1,0.0001343120293384845,nan,0.0001343120293384845,""
56,0.001244858741703235,0.0001455031190369552,0.002744858741703235,0.0001455031190369552,1,0,ok,1,0.0001336714706362853,nan,0.0001336714706362853,""
57,0.001219549571126712,0.0002890385579971917,0.002719549571126713,0.0002890385579971917,1,0,ok,1,0.0001317584569872662,nan,0.0001317584569872662,""
58,0.001177748084718339,0.0004286652463015047,0.002677748084718339,0.0004286652463015047,1,0,ok,1,0.0001285988586192861,nan,0.0001285988586192861,""
59,0.00112001957587201,0.0005624949725179125,0.00262001957587201,0.0005624949725179125,1,0,ok,1,0.0001242354036800324,nan,0.0001242354036800324,""
60,0.001047144723637547,0.0006887179191820768,0.002547144723637547,0.0006887179191820768,1,0,ok,1,0.0001187271004121212,nan,0.0001187271004121212,""
61,0.0009601090353757857,0.0008056271374737959,0.002460109035375786,0.0008056271374737959,1,0,ok,1,0.000112148439167846,nan,0.000112148439167846,""
62,0.0008600895194621461,0.0009116416307715544,0.002360089519462146,0.0009116416307715544,1,0,ok,1,0.0001045883850549481,nan,0.0001045883850549481,""
63,0.000748438768267492,0.001005327734919655,0.002248438768267492,0.001005327734919655,1,0,ok,1,9.614917483615317e-05,nan,9.614917483615317e-05,""
64,0.0006266666666666668,0.001085418506076496,0.002126666666666667,0.001085418506076496,1,0,ok,1,8.694493435234185e-05,nan,8.694493435234185e-05,""
65,0.0004964199734357433,0.00115083085395661,0.001996419973435743,0.00115083085395661,1,0,ok,1,7.71001351663309e-05,nan,7.71001351663309e-05,""
66,0.0003594600516645665,0.001200680188768746,0.001859460051664567,0.001200680188768746,1,0,ok,1,6.674791129851736e-05,nan,6.674791129851736e-05,""
67,0.0002176390493425528,0.001234292383775301,0.001717639049342553,0.001234292383775301,1,0,ok,1,5.602825881763926e-05,nan,5.602825881763926e-05,""
68,7.287485223446284e-05,0.001251212891699989,0.001572874852234463,0.001251212891699989,1,0,ok,1,4.508614263411042e-05,nan,4.508614263411042e-05,""
69,-7.287485223446297e-05,0.001251212891699989,0.001427125147765537,0.001251212891699989,1,0,ok,1,3.406953609828844e-05,nan,3.406953609828844e-05,""
70,-0.0002176390493425524,0.001234292383775301,0.001282360950657448,0.001234292383775301,1,0,ok,1,2.312741991475917e-05,nan,2.312741991475917e-05,""
71,-0.0003594600516645664,0.001200680188768746,0.001140539948335434,0.001200680188768746,1,0,ok,1,1.24077674338815e-05,nan,1.24077674338815e-05,""
72,-0.0004964199734357432,0.00115083085395661,0.001003580026564257,0.00115083085395661,1,0,ok,1,2.05554356606753e-06,nan,2.05554356606753e-06,""
73,-0.0006266666666666663,0.001085418506076497,0.0008733333333333337,0.001085418506076497,1,0,ok,1,-7.789255619943414e-06,nan,-7.789255619943414e-06,"t_negative_used"
74,-0.0007484387682674918,0.001005327734919655,0.0007515612317325083,0.001005327734919655,1,0,ok,1,-1.699349610375473e-05,nan,-1.699349610375473e-05,"t_negative_used"
75,-0.0008600895194621459,0.0009116416307715545,0.0006399104805378541,0.0009116416307715545,1,0,ok,1,-2.543270632254942e-05,nan,-2.543270632254942e-05,"t_negative_used"
76,-0.0009601090353757861,0.0008056271374737958,0.000539890964624214,0.0008056271374737958,1,0,ok,1,-3.299276043544738e-05,nan,-3.299276043544738e-05,"t_negative_used"
77,-0.001047144723637547,0.0006887179191820772,0.0004528552763624534,0.0006887179191820772,1,0,ok,1,-3.957142167972257e-05,nan,-3.957142167972257e-05,"t_negative_used"
78,-0.00112001957587201,0.0005624949725179127,0.0003799804241279901,0.0005624949725179127,1,0,ok,1,-4.507972494763356e-05,nan,-4.507972494763356e-05,"t_negative_used"
79,-0.001177748084718338,0.000428665246301505,0.0003222519152816616,0.000428665246301505,1,0,ok,1,-4.944317988688743e-05,nan,-4.944317988688743e-05,"t_negative_used"
80,-0.001219549571126712,0.0002890385579971919,0.0002804504288732876,0.0002890385579971919,1,0,ok,1,-5.260277825486735e-05,nan,-5.260277825486735e-05,"t_negative_used"
81,-0.001244858741703235,0.0001455031190369548,0.0002551412582967648,0.0001455031190369548,1,0,ok,1,-5.451579190388642e-05,nan,-5.451579190388642e-05,"t_negative_used"
82,-0.001253333333333333,1.534890654931349e-19,0.0002466666666666667,1.534890654931349e-19,1,0,ok,1,-5.515635060608583e-05,nan,-5.515635060608583e-05,"t_negative_used"
83,-0.001244858741703235,-0.0001455031190369551,0.0002551412582967648,-0.0001455031190369551,1,0,ok,1,-5.451579190388642e-05,nan,-5.451579190388642e-05,"t_negative_used"
84,-0.001219549571126713,-0.0002890385579971916,0.0002804504288732874,-0.0002890385579971916,1,0,ok,1,-5.260277825486735e-05,nan,-5.260277825486735e-05,"t_negative_used"
85,-0.001177748084718339,-0.0004286652463015042,0.0003222519152816614,-0.0004286652463015042,1,0,ok,1,-4.944317988688743e-05,nan,-4.944317988688743e-05,"t_negative_used"
86,-0.00112001957587201,-0.0005624949725179125,0.0003799804241279899,-0.0005624949725179125,1,0,ok,1,-4.507972494763356e-05,nan,-4.507972494763356e-05,"t_negative_used"
87,-0.001047144723637547,-0.0006887179191820768,0.0004528552763624529,-0.0006887179191820768,1,0,ok,1,-3.957142167972257e-05,nan,-3.957142167972257e-05,"t_negative_used"
88,-0.0009601090353757857,-0.0008056271374737959,0.0005398909646242143,-0.0008056271374737959,1,0,ok,1,-3.299276043544738e-05,nan,-3.299276043544738e-05,"t_negative_used"
89,-0.0008600895194621461,-0.0009116416307715543,0.0006399104805378539,-0.0009116416307715543,1,0,ok,1,-2.543270632254942e-05,nan,-2.543270632254942e-05,"t_negative_used"
90,-0.000748438768267492,-0.001005327734919655,0.0007515612317325081,-0.001005327734919655,1,0,ok,1,-1.699349610375473e-05,nan,-1.699349610375473e-05,"t_negative_used"
91,-0.0006266666666666672,-0.001085418506076496,0.0008733333333333328,-0.001085418506076496,1,0,ok,1,-7.789255619943414e-06,nan,-7.789255619943414e-06,"t_negative_used"
92,-0.0004964199734357433,-0.00115083085395661,0.001003580026564257,-0.00115083085395661,1,0,ok,1,2.05554356606753e-06,nan,2.05554356606753e-06,""
93,-0.0003594600516645669,-0.001200680188768746,0.001140539948335433,-0.001200680188768746,1,0,ok,1,1.24077674338815e-05,nan,1.24077674338815e-05,""
94,-0.0002176390493425527,-0.001234292383775301,0.001282360950657447,-0.001234292383775301,1,0,ok,1,2.312741991475917e-05,nan,2.312741991475917e-05,""
95,-7.287485223446355e-05,-0.001251212891699989,0.001427125147765537,-0.001251212891699989,1,0,ok,1,3.406953609828801e-05,nan,3.406953609828801e-05,""
96,7.287485223446198e-05,-0.001251212891699989,0.001572874852234462,-0.001251212891699989,1,0,ok,1,4.508614263411042e-05,nan,4.508614263411042e-05,""
97,0.0002176390493425533,-0.001234292383775301,0.001717639049342553,-0.001234292383775301,1,0,ok,1,5.60282588176397e-05,nan,5.60282588176397e-05,""
98,0.0003594600516645665,-0.001200680188768746,0.001859460051664567,-0.001200680188768746,1,0,ok,1,6.674791129851736e-05,nan,6.674791129851736e-05,""
99,0.0004964199734357428,-0.00115083085395661,0.001996419973435743,-0.00115083085395661,1,0,ok,1,7.71001351663309e-05,nan,7.71001351663309e-05,""
100,0.0006266666666666668,-0.001085418506076496,0.002126666666666667,-0.001085418506076496,1,0,ok,1,8.694493435234185e-05,nan,8.694493435234185e-05,""
101,0.0007484387682674915,-0.001005327734919655,0.002248438768267491,-0.001005327734919655,1,0,ok,1,9.614917483615317e-05,nan,9.614917483615317e-05,""
102,0.0008600895194621462,-0.0009116416307715543,0.002360089519462146,-0.0009116416307715543,1,0,ok,1,0.0001045883850549481,nan,0.0001045883850549481,""
103,0.0009601090353757854,-0.0008056271374737963,0.002460109035375785,-0.0008056271374737963,1,0,ok,1,0.000112148439167846,nan,0.000112148439167846,""
104,0.001047144723637546,-0.0006887179191820777,0.002547144723637546,-0.0006887179191820777,1,0,ok,1,0.0001187271004121212,nan,0.0001187271004121212,""
105,0.00112001957587201,-0.000562494972517913,0.00262001957587201,-0.000562494972517913,1,0,ok,1,0.0001242354036800324,nan,0.0001242354036800324,""
106,0.001177748084718338,-0.0004286652463015057,0.002677748084718338,-0.0004286652463015057,1,0,ok,1,0.0001285988586192861,nan,0.0001285988586192861,""
107,0.001219549571126713,-0.0002890385579971909,0.002719549571126713,-0.0002890385579971909,1,0,ok,1,0.0001317584569872662,nan,0.0001317584569872662,""
108,0.001244858741703235,-0.000145503119036955,0.002744858741703235,-0.000145503119036955,1,0,ok,1,0.0001336714706362853,nan,0.0001336714706362853,""
109,0.00188,0,0.00338,0,1,0,ok,1,0.000231151423532376,nan,0.000231151423532376,""
110,0.001867288112554853,0.0002182546785554328,0.003367288112554853,0.0002182546785554328,1,0,ok,1,0.000230190585479077,nan,0.000230190585479077,""
111,0.001829324356690069,0.0004335578369957875,0.003329324356690069,0.0004335578369957875,1,0,ok,1,0.0002273210650055482,nan,0.0002273210650055482,""
112,0.001766622127077508,0.0006429978694522571,0.003266622127077508,0.0006429978694522571,1,0,ok,1,0.0002225816674535784,nan,0.0002225816674535784,""
113,0.001680029363808015,0.0008437424587768689,0.003180029363808015,0.0008437424587768689,1,0,ok,1,0.0002160364850446977,nan,0.0002160364850446977,""
114,0.001570717085456321,0.001033076878773115,0.003070717085456321,0.001033076878773115,1,0,ok,1,0.0002077740301428314,nan,0.0002077740301428314,""
115,0.001440163553063679,0.001208440706210694,0.002940163553063679,0.001208440706210694,1,0,ok,1,0.0001979060382764184,nan,0.0001979060382764184,""
116,0.001290134279193219,0.001367462446157332,0.002790134279193219,0.001367462446157332,1,0,ok,1,0.0001865659571070716,nan,0.0001865659571070716,""
117,0.001122658152401238,0.001507991602379482,0.002622658152401238,0.001507991602379482,1,0,ok,1,0.0001739071417788795,nan,0.0001739071417788795,""
118,0.0009400000000000002,0.001628127759114744,0.00244,0.001628127759114744,1,0,ok,1,0.0001601007810531621,nan,0.0001601007810531621,""
119,0.0007446299601536149,0.001726246280934915,0.002244629960153615,0.001726246280934915,1,0,ok,1,0.0001453335822741461,nan,0.0001453335822741461,""
120,0.0005391900774968498,0.001801020283153119,0.00203919007749685,0.001801020283153119,1,0,ok,1,0.0001298052464724251,nan,0.0001298052464724251,""
121,0.0003264585740138292,0.001851438575662951,0.001826458574013829,0.001851438575662951,1,0,ok,1,0.0001137257677511086,nan,0.0001137257677511086,""
122,0.0001093122783516943,0.001876819337549984,0.001609312278351694,0.001876819337549984,1,0,ok,1,9.731259347581494e-05,nan,9.731259347581494e-05,""
123,-0.0001093122783516944,0.001876819337549984,0.001390687721648306,0.001876819337549984,1,0,ok,1,8.078768367208175e-05,nan,8.078768367208175e-05,""
124,-0.0003264585740138286,0.001851438575662951,0.001173541425986171,0.001851438575662951,1,0,ok,1,6.437450939678806e-05,nan,6.437450939678806e-05,""
125,-0.0005391900774968496,0.001801020283153119,0.0009608099225031504,0.001801020283153119,1,0,ok,1,4.829503067547113e-05,nan,4.829503067547113e-05,""
126,-0.0007446299601536147,0.001726246280934915,0.0007553700398463853,0.001726246280934915,1,0,ok,1,3.27666948737506e-05,nan,3.27666948737506e-05,""
127,-0.0009399999999999995,0.001628127759114745,0.0005600000000000005,0.001628127759114745,1,0,ok,1,1.799949609473418e-05,nan,1.799949609473418e-05,""
128,-0.001122658152401238,0.001507991602379483,0.0003773418475987624,0.001507991602379483,1,0,ok,1,4.193135369017203e-06,nan,4.193135369017203e-06,""
129,-0.001290134279193219,0.001367462446157332,0.0002098657208067811,0.001367462446157332,1,0,ok,1,-8.465679959174938e-06,nan,-8.465679959174938e-06,"t_negative_used"
130,-0.001440163553063679,0.001208440706210694,5.983644693632103e-05,0.001208440706210694,1,0,ok,1,-1.980576112852188e-05,nan,-1.980576112852188e-05,"t_negative_used"
131,-0.00157071708545632,0.001033076878773116,-7.071708545632006e-05,0.001033076878773116,1,0,ok,1,-2.967375299493466e-05,nan,-2.967375299493466e-05,"t_negative_used"
132,-0.001680029363808015,0.0008437424587768691,-0.0001800293638080147,0.0008437424587768691,1,0,ok,1,-3.793620789680125e-05,nan,-3.793620789680125e-05,"t_negative_used"
133,-0.001766622127077508,0.0006429978694522574,-0.0002666221270775076,0.0006429978694522574,1,0,ok,1,-4.448139030568195e-05,nan,-4.448139030568195e-05,"t_negative_used"
134,-0.001829324356690069,0.0004335578369957878,-0.0003293243566900687,0.0004335578369957878,1,0,ok,1,-4.922078785765172e-05,nan,-4.922078785765172e-05,"t_negative_used"
135,-0.001867288112554853,0.0002182546785554322,-0.0003672881125548527,0.0002182546785554322,1,0,ok,1,-5.209030833118054e-05,nan,-5.209030833118054e-05,"t_negative_used"
136,-0.00188,2.302335982397024e-19,-0.0003799999999999999,2.302335982397024e-19,1,0,ok,1,-5.305114638447955e-05,nan,-5.305114638447955e-05,"t_negative_used"
137,-0.001867288112554853,-0.0002182546785554326,-0.0003672881125548527,-0.0002182546785554326,1,0,ok,1,-5.209030833118054e-05,nan,-5.209030833118054e-05,"t_negative_used"
138,-0.001829324356690069,-0.0004335578369957873,-0.000329324356690069,-0.0004335578369957873,1,0,ok,1,-4.922078785765172e-05,nan,-4.922078785765172e-05,"t_negative_used"
139,-0.001766622127077508,-0.0006429978694522563,-0.000266622127077508,-0.0006429978694522563,1,0,ok,1,-4.448139030568195e-05,nan,-4.448139030568195e-05,"t_negative_used"
140,-0.001680029363808015,-0.0008437424587768688,-0.0001800293638080149,-0.0008437424587768688,1,0,ok,1,-3.793620789680125e-05,nan,-3.793620789680125e-05,"t_negative_used"
141,-0.001570717085456321,-0.001033076878773115,-7.071708545632049e-05,-0.001033076878773115,1,0,ok,1,-2.967375299493466e-05,nan,-2.967375299493466e-05,"t_negative_used"
142,-0.001440163553063679,-0.001208440706210694,5.983644693632146e-05,-0.001208440706210694,1,0,ok,1,-1.980576112852188e-05,nan,-1.980576112852188e-05,"t_negative_used"
143,-0.001290134279193219,-0.001367462446157331,0.0002098657208067809,-0.001367462446157331,1,0,ok,1,-8.465679959174938e-06,nan,-8.465679959174938e-06,"t_negative_used"
144,-0.001122658152401238,-0.001507991602379482,0.000377341847598762,-0.001507991602379482,1,0,ok,1,4.193135369017203e-06,nan,4.193135369017203e-06,""
145,-0.0009400000000000008,-0.001628127759114744,0.0005599999999999992,-0.001628127759114744,1,0,ok,1,1.799949609473418e-05,nan,1.799949609473418e-05,""
146,-0.0007446299601536148,-0.001726246280934915,0.0007553700398463852,-0.001726246280934915,1,0,ok,1,3.27666948737506e-05,nan,3.27666948737506e-05,""
147,-0.0005391900774968505,-0.001801020283153119,0.0009608099225031496,-0.001801020283153119,1,0,ok,1,4.829503067547113e-05,nan,4.829503067547113e-05,""
148,-0.000326458574013829,-0.001851438575662951,0.001173541425986171,-0.001851438575662951,1,0,ok,1,6.437450939678806e-05,nan,6.437450939678806e-05,""
149,-0.0001093122783516953,-0.001876819337549984,0.001390687721648305,-0.001876819337549984,1,0,ok,1,8.078768367208175e-05,nan,8.078768367208175e-05,""
150,0.000109312278351693,-0.001876819337549984,0.001609312278351693,-0.001876819337549984,1,0,ok,1,9.731259347581451e-05,nan,9.731259347581451e-05,""
151,0.00032645857401383,-0.001851438575662951,0.00182645857401383,-0.001851438575662951,1,0,ok,1,0.0001137257677511086,nan,0.0001137257677511086,""
152,0.0005391900774968498,-0.001801020283153119,0.00203919007749685,-0.001801020283153119,1,0,ok,1,0.0001298052464724251,nan,0.0001298052464724251,""
153,0.0007446299601536142,-0.001726246280934915,0.002244629960153614,-0.001726246280934915,1,0,ok,1,0.0001453335822741457,nan,0.0001453335822741457,""
154,0.0009400000000000002,-0.001628127759114744,0.00244,-0.001628127759114744,1,0,ok,1,0.0001601007810531621,nan,0.0001601007810531621,""
155,0.001122658152401237,-0.001507991602379483,0.002622658152401237,-0.001507991602379483,1,0,ok,1,0.0001739071417788795,nan,0.0001739071417788795,""
156,0.001290134279193219,-0.001367462446157331,0.002790134279193219,-0.001367462446157331,1,0,ok,1,0.0001865659571070712,nan,0.0001865659571070712,""
157,0.001440163553063678,-0.001208440706210694,0.002940163553063678,-0.001208440706210694,1,0,ok,1,0.0001979060382764184,nan,0.0001979060382764184,""
158,0.00157071708545632,-0.001033076878773117,0.00307071708545632,-0.001033076878773117,1,0,ok,1,0.0002077740301428309,nan,0.0002077740301428309,""
159,0.001680029363808015,-0.0008437424587768693,0.003180029363808015,-0.0008437424587768693,1,0,ok,1,0.0002160364850446977,nan,0.0002160364850446977,""
160,0.001766622127077507,-0.0006429978694522585,0.003266622127077507,-0.0006429978694522585,1,0,ok,1,0.0002225816674535784,nan,0.0002225816674535784,""
161,0.001829324356690069,-0.0004335578369957864,0.003329324356690069,-0.0004335578369957864,1,0,ok,1,0.0002273210650055482,nan,0.0002273210650055482,""
162,0.001867288112554853,-0.0002182546785554325,0.003367288112554853,-0.0002182546785554325,1,0,ok,1,0.000230190585479077,nan,0.000230190585479077,""
163,0.002506666666666667,0,0.004006666666666667,0,1,0,ok,1,0.0003477797374093674,nan,0.0003477797374093674,""
164,0.00248971748340647,0.0002910062380739104,0.00398971748340647,0.0002910062380739104,1,0,ok,1,0.0003464986200049686,nan,0.0003464986200049686,""
165,0.002439099142253425,0.0005780771159943833,0.003939099142253425,0.0005780771159943833,1,0,ok,1,0.00034267259270693,nan,0.00034267259270693,""
166,0.002355496169436677,0.0008573304926030095,0.003855496169436677,0.0008573304926030095,1,0,ok,1,0.0003363533959709706,nan,0.0003363533959709706,""
167,0.00224003915174402,0.001124989945035825,0.00374003915174402,0.001124989945035825,1,0,ok,1,0.0003276264860924629,nan,0.0003276264860924629,""
168,0.002094289447275094,0.001377435838364154,0.003594289447275094,0.001377435838364154,1,0,ok,1,0.0003166098795566409,nan,0.0003166098795566409,""
169,0.001920218070751571,0.001611254274947592,0.003420218070751571,0.001611254274947592,1,0,ok,1,0.0003034525570680901,nan,0.0003034525570680901,""
170,0.001720179038924292,0.001823283261543109,0.003220179038924292,0.001823283261543109,1,0,ok,1,0.0002883324488422941,nan,0.0002883324488422941,""
171,0.001496877536534984,0.002010655469839309,0.002996877536534984,0.002010655469839309,1,0,ok,1,0.0002714540284047048,nan,0.0002714540284047048,""
172,0.001253333333333334,0.002170837012152993,0.002753333333333333,0.002170837012152993,1,0,ok,1,0.0002530455474370821,nan,0.0002530455474370821,""
173,0.0009928399468714865,0.00230166170791322,0.002492839946871487,0.00230166170791322,1,0,ok,1,0.0002333559490650602,nan,0.0002333559490650602,""
174,0.0007189201033291331,0.002401360377537492,0.002218920103329133,0.002401360377537492,1,0,ok,1,0.0002126515013294327,nan,0.0002126515013294327,""
175,0.0004352780986851055,0.002468584767550601,0.001935278098685106,0.002468584767550601,1,0,ok,1,0.000191212196367677,nan,0.000191212196367677,""
176,0.0001457497044689257,0.002502425783399979,0.001645749704468926,0.002502425783399979,1,0,ok,1,0.0001693279640006188,nan,0.0001693279640006188,""
177,-0.0001457497044689259,0.002502425783399979,0.001354250295531074,0.002502425783399979,1,0,ok,1,0.0001472947509289745,nan,0.0001472947509289745,""
178,-0.0004352780986851047,0.002468584767550601,0.001064721901314895,0.002468584767550601,1,0,ok,1,0.0001254105185619168,nan,0.0001254105185619168,""
179,-0.0007189201033291327,0.002401360377537492,0.0007810798966708673,0.002401360377537492,1,0,ok,1,0.000103971213600161,nan,0.000103971213600161,""
180,-0.0009928399468714863,0.00230166170791322,0.0005071600531285137,0.00230166170791322,1,0,ok,1,8.326676586453306e-05,nan,8.326676586453306e-05,""
181,-0.001253333333333333,0.002170837012152993,0.0002466666666666674,0.002170837012152993,1,0,ok,1,6.35771674925116e-05,nan,6.35771674925116e-05,""
182,-0.001496877536534984,0.00201065546983931,3.122463465016516e-06,0.00201065546983931,1,0,ok,1,4.516868652488853e-05,nan,4.516868652488853e-05,""
183,-0.001720179038924292,0.001823283261543109,-0.0002201790389242918,0.001823283261543109,1,0,ok,1,2.829026608729916e-05,nan,2.829026608729916e-05,""
184,-0.001920218070751572,0.001611254274947592,-0.0004202180707515721,0.001611254274947592,1,0,ok,1,1.317015786150323e-05,nan,1.317015786150323e-05,""
185,-0.002094289447275093,0.001377435838364154,-0.0005942894472750933,0.001377435838364154,1,0,ok,1,1.28353729528588e-08,nan,1.28353729528588e-08,""
186,-0.00224003915174402,0.001124989945035825,-0.0007400391517440198,0.001124989945035825,1,0,ok,1,-1.100377116286912e-05,nan,-1.100377116286912e-05,"t_negative_used"
187,-0.002355496169436677,0.0008573304926030099,-0.0008554961694366768,0.0008573304926030099,1,0,ok,1,-1.973068104137686e-05,nan,-1.973068104137686e-05,"t_negative_used"
188,-0.002439099142253425,0.0005780771159943838,-0.0009390991422534248,0.0005780771159943838,1,0,ok,1,-2.60498777773367e-05,nan,-2.60498777773367e-05,"t_negative_used"
189,-0.00248971748340647,0.0002910062380739097,-0.0009897174834064704,0.0002910062380739097,1,0,ok,1,-2.987590507537484e-05,nan,-2.987590507537484e-05,"t_negative_used"
190,-0.002506666666666667,3.069781309862698e-19,-0.001006666666666667,3.069781309862698e-19,1,0,ok,1,-3.115702247977366e-05,nan,-3.115702247977366e-05,"t_negative_used"
191,-0.00248971748340647,-0.0002910062380739102,-0.0009897174834064704,-0.0002910062380739102,1,0,ok,1,-2.987590507537484e-05,nan,-2.987590507537484e-05,"t_negative_used"
192,-0.002439099142253425,-0.0005780771159943831,-0.0009390991422534253,-0.0005780771159943831,1,0,ok,1,-2.60498777773367e-05,nan,-2.60498777773367e-05,"t_negative_used"
193,-0.002355496169436677,-0.0008573304926030083,-0.0008554961694366772,-0.0008573304926030083,1,0,ok,1,-1.973068104137686e-05,nan,-1.973068104137686e-05,"t_negative_used"
194,-0.00224003915174402,-0.001124989945035825,-0.0007400391517440202,-0.001124989945035825,1,0,ok,1,-1.100377116286912e-05,nan,-1.100377116286912e-05,"t_negative_used"
195,-0.002094289447275094,-0.001377435838364154,-0.0005942894472750941,-0.001377435838364154,1,0,ok,1,1.28353729528588e-08,nan,1.28353729528588e-08,""
196,-0.001920218070751571,-0.001611254274947592,-0.0004202180707515715,-0.001611254274947592,1,0,ok,1,1.317015786150323e-05,nan,1.317015786150323e-05,""
197,-0.001720179038924292,-0.001823283261543109,-0.0002201790389242922,-0.001823283261543109,1,0,ok,1,2.829026608729916e-05,nan,2.829026608729916e-05,""
198,-0.001496877536534984,-0.002010655469839309,3.122463465016082e-06,-0.002010655469839309,1,0,ok,1,4.516868652488853e-05,nan,4.516868652488853e-05,""
199,-0.001253333333333334,-0.002170837012152992,0.0002466666666666657,-0.002170837012152992,1,0,ok,1,6.35771674925116e-05,nan,6.35771674925116e-05,""
200,-0.0009928399468714865,-0.00230166170791322,0.0005071600531285135,-0.00230166170791322,1,0,ok,1,8.326676586453306e-05,nan,8.326676586453306e-05,""
201,-0.0007189201033291338,-0.002401360377537492,0.0007810798966708662,-0.002401360377537492,1,0,ok,1,0.0001039712136001606,nan,0.0001039712136001606,""
202,-0.0004352780986851053,-0.002468584767550601,0.001064721901314895,-0.002468584767550601,1,0,ok,1,0.0001254105185619163,nan,0.0001254105185619163,""
203,-0.0001457497044689271,-0.002502425783399979,0.001354250295531073,-0.002502425783399979,1,0,ok,1,0.0001472947509289745,nan,0.0001472947509289745,""
204,0.000145749704468924,-0.002502425783399979,0.001645749704468924,-0.002502425783399979,1,0,ok,1,0.0001693279640006188,nan,0.0001693279640006188,""
205,0.0004352780986851066,-0.002468584767550601,0.001935278098685107,-0.002468584767550601,1,0,ok,1,0.000191212196367677,nan,0.000191212196367677,""
206,0.0007189201033291331,-0.002401360377537492,0.002218920103329133,-0.002401360377537492,1,0,ok,1,0.0002126515013294327,nan,0.0002126515013294327,""
207,0.0009928399468714857,-0.002301661707913221,0.002492839946871486,-0.002301661707913221,1,0,ok,1,0.0002333559490650602,nan,0.0002333559490650602,""
208,0.001253333333333334,-0.002170837012152993,0.002753333333333333,-0.002170837012152993,1,0,ok,1,0.0002530455474370821,nan,0.0002530455474370821,""
209,0.001496877536534983,-0.00201065546983931,0.002996877536534983,-0.00201065546983931,1,0,ok,1,0.0002714540284047048,nan,0.0002714540284047048,""
210,0.001720179038924292,-0.001823283261543109,0.003220179038924293,-0.001823283261543109,1,0,ok,1,0.0002883324488422946,nan,0.0002883324488422946,""
211,0.001920218070751571,-0.001611254274947593,0.003420218070751571,-0.001611254274947593,1,0,ok,1,0.0003034525570680901,nan,0.0003034525570680901,""
212,0.002094289447275093,-0.001377435838364155,0.003594289447275093,-0.001377435838364155,1,0,ok,1,0.0003166098795566404,nan,0.0003166098795566404,""
213,0.00224003915174402,-0.001124989945035826,0.00374003915174402,-0.001124989945035826,1,0,ok,1,0.0003276264860924629,nan,0.0003276264860924629,""
214,0.002355496169436676,-0.0008573304926030113,0.003855496169436676,-0.0008573304926030113,1,0,ok,1,0.0003363533959709706,nan,0.0003363533959709706,""
215,0.002439099142253425,-0.0005780771159943818,0.003939099142253426,-0.0005780771159943818,1,0,ok,1,0.0003426725927069304,nan,0.0003426725927069304,""
216,0.00248971748340647,-0.0002910062380739099,0.00398971748340647,-0.0002910062380739099,1,0,ok,1,0.0003464986200049686,nan,0.0003464986200049686,""
217,0.003133333333333333,0,0.004633333333333333,0,1,0,ok,1,0.0004841969709694577,nan,0.0004841969709694577,""
218,0.003112146854258088,0.0003637577975923881,0.004612146854258089,0.0003637577975923881,1,0,ok,1,0.0004825955742139595,nan,0.0004825955742139595,""
219,0.003048873927816781,0.0007225963949929792,0.004548873927816782,0.0007225963949929792,1,0,ok,1,0.0004778130400914116,nan,0.0004778130400914116,""
220,0.002944370211795846,0.001071663115753762,0.004444370211795846,0.001071663115753762,1,0,ok,1,0.0004699140441714617,nan,0.0004699140441714617,""
221,0.002800048939680025,0.001406237431294781,0.004300048939680026,0.001406237431294781,1,0,ok,1,0.0004590054068233274,nan,0.0004590054068233274,""
222,0.002617861809093868,0.001721794797955192,0.004117861809093868,0.001721794797955192,1,0,ok,1,0.0004452346486535498,nan,0.0004452346486535498,""
223,0.002400272588439464,0.00201406784368449,0.003900272588439464,0.00201406784368449,1,0,ok,1,0.0004287879955428616,nan,0.0004287879955428616,""
224,0.002150223798655366,0.002279104076928886,0.003650223798655366,0.002279104076928886,1,0,ok,1,0.0004098878602606169,nan,0.0004098878602606169,""
225,0.00187109692066873,0.002513319337299137,0.00337109692066873,0.002513319337299137,1,0,ok,1,0.0003887898347136299,nan,0.0003887898347136299,""
226,0.001566666666666667,0.002713546265191241,0.003066666666666667,0.002713546265191241,1,0,ok,1,0.0003657792335041016,nan,0.0003657792335041016,""
227,0.001241049933589358,0.002877077134891525,0.002741049933589358,0.002877077134891525,1,0,ok,1,0.0003411672355390742,nan,0.0003411672355390742,""
228,0.0008986501291614163,0.003001700471921865,0.002398650129161416,0.003001700471921865,1,0,ok,1,0.0003152866758695397,nan,0.0003152866758695397,""
229,0.000544097623356382,0.003085730959438252,0.002044097623356382,0.003085730959438252,1,0,ok,1,0.0002884875446673451,nan,0.0002884875446673451,""
230,0.0001821871305861571,0.003128032229249974,0.001682187130586157,0.003128032229249974,1,0,ok,1,0.0002611322542085226,nan,0.0002611322542085226,""
231,-0.0001821871305861574,0.003128032229249974,0.001317812869413843,0.003128032229249974,1,0,ok,1,0.0002335907378689674,nan,0.0002335907378689674,""
232,-0.0005440976233563809,0.003085730959438252,0.0009559023766436191,0.003085730959438252,1,0,ok,1,0.0002062354474101444,nan,0.0002062354474101444,""
233,-0.000898650129161416,0.003001700471921865,0.000601349870838584,0.003001700471921865,1,0,ok,1,0.0001794363162079498,nan,0.0001794363162079498,""
234,-0.001241049933589358,0.002877077134891525,0.0002589500664106419,0.002877077134891525,1,0,ok,1,0.0001535557565384153,nan,0.0001535557565384153,""
235,-0.001566666666666666,0.002713546265191241,-6.666666666666605e-05,0.002713546265191241,1,0,ok,1,0.0001289437585733884,nan,0.0001289437585733884,""
236,-0.001871096920668729,0.002513319337299138,-0.0003710969206687294,0.002513319337299138,1,0,ok,1,0.0001059331573638597,nan,0.0001059331573638597,""
237,-0.002150223798655365,0.002279104076928887,-0.0006502237986553651,0.002279104076928887,1,0,ok,1,8.483513181687307e-05,nan,8.483513181687307e-05,""
238,-0.002400272588439465,0.002014067843684489,-0.0009002725884394653,0.002014067843684489,1,0,ok,1,6.593499653462795e-05,nan,6.593499653462795e-05,""
239,-0.002617861809093867,0.001721794797955193,-0.001117861809093867,0.001721794797955193,1,0,ok,1,4.94883434239402e-05,nan,4.94883434239402e-05,""
240,-0.002800048939680025,0.001406237431294782,-0.001300048939680025,0.001406237431294782,1,0,ok,1,3.571758525416262e-05,nan,3.571758525416262e-05,""
241,-0.002944370211795846,0.001071663115753763,-0.001444370211795846,0.001071663115753763,1,0,ok,1,2.480894790602784e-05,nan,2.480894790602784e-05,""
242,-0.003048873927816781,0.0007225963949929798,-0.001548873927816781,0.0007225963949929798,1,0,ok,1,1.690995198607792e-05,nan,1.690995198607792e-05,""
243,-0.003112146854258088,0.0003637577975923871,-0.001612146854258088,0.0003637577975923871,1,0,ok,1,1.212741786353047e-05,nan,1.212741786353047e-05,""
244,-0.003133333333333333,3.837226637328374e-19,-0.001633333333333333,3.837226637328374e-19,1,0,ok,1,1.052602110803184e-05,nan,1.052602110803184e-05,""
245,-0.003112146854258088,-0.0003637577975923877,-0.001612146854258088,-0.0003637577975923877,1,0,ok,1,1.212741786353047e-05,nan,1.212741786353047e-05,""
246,-0.003048873927816782,-0.0007225963949929789,-0.001548873927816782,-0.0007225963949929789,1,0,ok,1,1.690995198607792e-05,nan,1.690995198607792e-05,""
247,-0.002944370211795847,-0.00107166311575376,-0.001444370211795847,-0.00107166311575376,1,0,ok,1,2.480894790602784e-05,nan,2.480894790602784e-05,""
248,-0.002800048939680025,-0.001406237431294781,-0.001300048939680025,-0.001406237431294781,1,0,ok,1,3.571758525416262e-05,nan,3.571758525416262e-05,""
249,-0.002617861809093868,-0.001721794797955192,-0.001117861809093868,-0.001721794797955192,1,0,ok,1,4.94883434239402e-05,nan,4.94883434239402e-05,""
250,-0.002400272588439464,-0.00201406784368449,-0.0009002725884394644,-0.00201406784368449,1,0,ok,1,6.593499653462795e-05,nan,6.593499653462795e-05,""
251,-0.002150223798655366,-0.002279104076928886,-0.0006502237986553655,-0.002279104076928886,1,0,ok,1,8.483513181687307e-05,nan,8.483513181687307e-05,""
252,-0.00187109692066873,-0.002513319337299137,-0.0003710969206687301,-0.002513319337299137,1,0,ok,1,0.0001059331573638597,nan,0.0001059331573638597,""
253,-0.001566666666666668,-0.002713546265191241,-6.6666666666668e-05,-0.002713546265191241,1,0,ok,1,0.0001289437585733884,nan,0.0001289437585733884,""
254,-0.001241049933589358,-0.002877077134891525,0.0002589500664106419,-0.002877077134891525,1,0,ok,1,0.0001535557565384153,nan,0.0001535557565384153,""
255,-0.0008986501291614174,-0.003001700471921865,0.0006013498708385826,-0.003001700471921865,1,0,ok,1,0.0001794363162079498,nan,0.0001794363162079498,""
256,-0.0005440976233563817,-0.003085730959438252,0.0009559023766436183,-0.003085730959438252,1,0,ok,1,0.0002062354474101444,nan,0.0002062354474101444,""
257,-0.0001821871305861589,-0.003128032229249974,0.001317812869413841,-0.003128032229249974,1,0,ok,1,0.000233590737868967,nan,0.000233590737868967,""
258,0.0001821871305861549,-0.003128032229249974,0.001682187130586155,-0.003128032229249974,1,0,ok,1,0.0002611322542085221,nan,0.0002611322542085221,""
259,0.0005440976233563833,-0.003085730959438252,0.002044097623356383,-0.003085730959438252,1,0,ok,1,0.0002884875446673455,nan,0.0002884875446673455,""
260,0.0008986501291614163,-0.003001700471921865,0.002398650129161416,-0.003001700471921865,1,0,ok,1,0.0003152866758695397,nan,0.0003152866758695397,""
261,0.001241049933589357,-0.002877077134891526,0.002741049933589357,-0.002877077134891526,1,0,ok,1,0.0003411672355390742,nan,0.0003411672355390742,""
262,0.001566666666666667,-0.002713546265191241,0.003066666666666667,-0.002713546265191241,1,0,ok,1,0.0003657792335041016,nan,0.0003657792335041016,""
263,0.001871096920668729,-0.002513319337299138,0.003371096920668729,-0.002513319337299138,1,0,ok,1,0.0003887898347136299,nan,0.0003887898347136299,""
264,0.002150223798655366,-0.002279104076928886,0.003650223798655366,-0.002279104076928886,1,0,ok,1,0.0004098878602606169,nan,0.0004098878602606169,""
265,0.002400272588439464,-0.002014067843684491,0.003900272588439464,-0.002014067843684491,1,0,ok,1,0.0004287879955428616,nan,0.0004287879955428616,""
266,0.002617861809093867,-0.001721794797955194,0.004117861809093867,-0.001721794797955194,1,0,ok,1,0.0004452346486535498,nan,0.0004452346486535498,""
267,0.002800048939680025,-0.001406237431294782,0.004300048939680026,-0.001406237431294782,1,0,ok,1,0.0004590054068233274,nan,0.0004590054068233274,""
268,0.002944370211795846,-0.001071663115753764,0.004444370211795846,-0.001071663115753764,1,0,ok,1,0.0004699140441714622,nan,0.0004699140441714622,""
269,0.003048873927816782,-0.0007225963949929774,0.004548873927816782,-0.0007225963949929774,1,0,ok,1,0.0004778130400914116,nan,0.0004778130400914116,""
270,0.003112146854258088,-0.0003637577975923875,0.004612146854258089,-0.0003637577975923875,1,0,ok,1,0.0004825955742139595,nan,0.0004825955742139595,""
271,0.00376,0,0.00526,0,1,0,ok,1,0.0006404031242126483,nan,0.0006404031242126483,""
272,0.003734576225109705,0.0004365093571108657,0.005234576225109706,0.0004365093571108657,1,0,ok,1,0.0006384814481060499,nan,0.0006384814481060499,""
273,0.003658648713380138,0.000867115673991575,0.005158648713380138,0.000867115673991575,1,0,ok,1,0.0006327424071589927,nan,0.0006327424071589927,""
274,0.003533244254155016,0.001285995738904514,0.005033244254155016,0.001285995738904514,1,0,ok,1,0.0006232636120550531,nan,0.0006232636120550531,""
275,0.00336005872761603,0.001687484917553738,0.00486005872761603,0.001687484917553738,1,0,ok,1,0.0006101732472372917,nan,0.0006101732472372917,""
276,0.003141434170912641,0.00206615375754623,0.004641434170912642,0.00206615375754623,1,0,ok,1,0.0005936483374335585,nan,0.0005936483374335585,""
277,0.002880327106127357,0.002416881412421387,0.004380327106127357,0.002416881412421387,1,0,ok,1,0.0005739123537007325,nan,0.0005739123537007325,""
278,0.002580268558386438,0.002734924892314663,0.004080268558386438,0.002734924892314663,1,0,ok,1,0.0005512321913620391,nan,0.0005512321913620391,""
279,0.002245316304802476,0.003015983204758964,0.003745316304802476,0.003015983204758964,1,0,ok,1,0.0005259145607056548,nan,0.0005259145607056548,""
280,0.00188,0.003256255518229489,0.00338,0.003256255518229489,1,0,ok,1,0.0004983018392542204,nan,0.0004983018392542204,""
281,0.00148925992030723,0.00345249256186983,0.00298925992030723,0.00345249256186983,1,0,ok,1,0.000468767441696188,nan,0.000468767441696188,""
282,0.0010783801549937,0.003602040566306238,0.0025783801549937,0.003602040566306238,1,0,ok,1,0.0004377107700927465,nan,0.0004377107700927465,""
283,0.0006529171480276583,0.003702877151325902,0.002152917148027659,0.003702877151325902,1,0,ok,1,0.0004055518126501131,nan,0.0004055518126501131,""
284,0.0002186245567033885,0.003753638675099968,0.001718624556703389,0.003753638675099968,1,0,ok,1,0.0003727254640995257,nan,0.0003727254640995257,""
285,-0.0002186245567033889,0.003753638675099968,0.001281375443296611,0.003753638675099968,1,0,ok,1,0.0003396756444920593,nan,0.0003396756444920593,""
286,-0.0006529171480276571,0.003702877151325903,0.0008470828519723429,0.003702877151325903,1,0,ok,1,0.0003068492959414724,nan,0.0003068492959414724,""
287,-0.001078380154993699,0.003602040566306238,0.0004216198450063009,0.003602040566306238,1,0,ok,1,0.0002746903384988385,nan,0.0002746903384988385,""
288,-0.001489259920307229,0.00345249256186983,1.074007969277058e-05,0.00345249256186983,1,0,ok,1,0.0002436336668953975,nan,0.0002436336668953975,""
289,-0.001879999999999999,0.003256255518229489,-0.000379999999999999,0.003256255518229489,1,0,ok,1,0.0002140992693373646,nan,0.0002140992693373646,""
290,-0.002245316304802475,0.003015983204758965,-0.0007453163048024751,0.003015983204758965,1,0,ok,1,0.0001864865478859307,nan,0.0001864865478859307,""
291,-0.002580268558386438,0.002734924892314664,-0.001080268558386438,0.002734924892314664,1,0,ok,1,0.0001611689172295464,nan,0.0001611689172295464,""
292,-0.002880327106127358,0.002416881412421387,-0.001380327106127358,0.002416881412421387,1,0,ok,1,0.0001384887548908525,nan,0.0001384887548908525,""
293,-0.00314143417091264,0.002066153757546231,-0.00164143417091264,0.002066153757546231,1,0,ok,1,0.0001187527711580269,nan,0.0001187527711580269,""
294,-0.003360058727616029,0.001687484917553738,-0.001860058727616029,0.001687484917553738,1,0,ok,1,0.0001022278613542938,nan,0.0001022278613542938,""
295,-0.003533244254155015,0.001285995738904515,-0.002033244254155015,0.001285995738904515,1,0,ok,1,8.913749653653193e-05,nan,8.913749653653193e-05,""
296,-0.003658648713380138,0.0008671156739915757,-0.002158648713380138,0.0008671156739915757,1,0,ok,1,7.965870143259238e-05,nan,7.965870143259238e-05,""
297,-0.003734576225109705,0.0004365093571108644,-0.002234576225109705,0.0004365093571108644,1,0,ok,1,7.391966048553517e-05,nan,7.391966048553517e-05,""
298,-0.00376,4.604671964794047e-19,-0.00226,4.604671964794047e-19,1,0,ok,1,7.199798437893673e-05,nan,7.199798437893673e-05,""
299,-0.003734576225109705,-0.0004365093571108653,-0.002234576225109705,-0.0004365093571108653,1,0,ok,1,7.391966048553517e-05,nan,7.391966048553517e-05,""
300,-0.003658648713380138,-0.0008671156739915747,-0.002158648713380138,-0.0008671156739915747,1,0,ok,1,7.965870143259238e-05,nan,7.965870143259238e-05,""
301,-0.003533244254155016,-0.001285995738904513,-0.002033244254155016,-0.001285995738904513,1,0,ok,1,8.913749653653193e-05,nan,8.913749653653193e-05,""
302,-0.00336005872761603,-0.001687484917553738,-0.00186005872761603,-0.001687484917553738,1,0,ok,1,0.0001022278613542938,nan,0.0001022278613542938,""
303,-0.003141434170912641,-0.00206615375754623,-0.001641434170912641,-0.00206615375754623,1,0,ok,1,0.0001187527711580269,nan,0.0001187527711580269,""
304,-0.002880327106127357,-0.002416881412421387,-0.001380327106127357,-0.002416881412421387,1,0,ok,1,0.0001384887548908525,nan,0.0001384887548908525,""
305,-0.002580268558386438,-0.002734924892314663,-0.001080268558386438,-0.002734924892314663,1,0,ok,1,0.0001611689172295464,nan,0.0001611689172295464,""
306,-0.002245316304802476,-0.003015983204758964,-0.000745316304802476,-0.003015983204758964,1,0,ok,1,0.0001864865478859302,nan,0.0001864865478859302,""
307,-0.001880000000000002,-0.003256255518229488,-0.0003800000000000016,-0.003256255518229488,1,0,ok,1,0.0002140992693373646,nan,0.0002140992693373646,""
308,-0.00148925992030723,-0.00345249256186983,1.074007969277036e-05,-0.00345249256186983,1,0,ok,1,0.0002436336668953975,nan,0.0002436336668953975,""
309,-0.001078380154993701,-0.003602040566306238,0.0004216198450062991,-0.003602040566306238,1,0,ok,1,0.0002746903384988385,nan,0.0002746903384988385,""
310,-0.000652917148027658,-0.003702877151325902,0.000847082851972342,-0.003702877151325902,1,0,ok,1,0.0003068492959414724,nan,0.0003068492959414724,""
311,-0.0002186245567033907,-0.003753638675099968,0.001281375443296609,-0.003753638675099968,1,0,ok,1,0.0003396756444920593,nan,0.0003396756444920593,""
312,0.0002186245567033859,-0.003753638675099969,0.001718624556703386,-0.003753638675099969,1,0,ok,1,0.0003727254640995253,nan,0.0003727254640995253,""
313,0.0006529171480276599,-0.003702877151325902,0.00215291714802766,-0.003702877151325902,1,0,ok,1,0.0004055518126501131,nan,0.0004055518126501131,""
314,0.0010783801549937,-0.003602040566306238,0.0025783801549937,-0.003602040566306238,1,0,ok,1,0.0004377107700927465,nan,0.0004377107700927465,""
315,0.001489259920307228,-0.003452492561869831,0.002989259920307228,-0.003452492561869831,1,0,ok,1,0.0004687674416961876,nan,0.0004687674416961876,""
316,0.00188,-0.003256255518229489,0.00338,-0.003256255518229489,1,0,ok,1,0.0004983018392542204,nan,0.0004983018392542204,""
317,0.002245316304802475,-0.003015983204758965,0.003745316304802475,-0.003015983204758965,1,0,ok,1,0.0005259145607056544,nan,0.0005259145607056544,""
318,0.002580268558386439,-0.002734924892314663,0.004080268558386439,-0.002734924892314663,1,0,ok,1,0.0005512321913620391,nan,0.0005512321913620391,""
319,0.002880327106127356,-0.002416881412421389,0.004380327106127357,-0.002416881412421389,1,0,ok,1,0.0005739123537007325,nan,0.0005739123537007325,""
320,0.003141434170912639,-0.002066153757546233,0.00464143417091264,-0.002066153757546233,1,0,ok,1,0.0005936483374335585,nan,0.0005936483374335585,""
321,0.003360058727616029,-0.001687484917553739,0.004860058727616029,-0.001687484917553739,1,0,ok,1,0.0006101732472372913,nan,0.0006101732472372913,""
322,0.003533244254155014,-0.001285995738904517,0.005033244254155014,-0.001285995738904517,1,0,ok,1,0.0006232636120550527,nan,0.0006232636120550527,""
323,0.003658648713380138,-0.0008671156739915728,0.005158648713380138,-0.0008671156739915728,1,0,ok,1,0.0006327424071589927,nan,0.0006327424071589927,""
324,0.003734576225109705,-0.0004365093571108649,0.005234576225109706,-0.0004365093571108649,1,0,ok,1,0.0006384814481060499,nan,0.0006384814481060499,""
325,0.004386666666666667,0,0.005886666666666667,0,1,0,ok,1,0.0008163981971389383,nan,0.0008163981971389383,""
326,0.004357005595961324,0.0005092609166293434,0.005857005595961324,0.0005092609166293434,1,0,ok,1,0.0008141562416812405,nan,0.0008141562416812405,""
327,0.004268423498943495,0.001011634952990171,0.005768423498943494,0.001011634952990171,1,0,ok,1,0.0008074606939096731,nan,0.0008074606939096731,""
328,0.004122118296514186,0.001500328362055267,0.005622118296514185,0.001500328362055267,1,0,ok,1,0.0007964020996217439,nan,0.0007964020996217439,""
329,0.003920068515552036,0.001968732403812694,0.005420068515552035,0.001968732403812694,1,0,ok,1,0.0007811300073343555,nan,0.0007811300073343555,""
330,0.003665006532731415,0.002410512717137269,0.005165006532731415,0.002410512717137269,1,0,ok,1,0.0007618509458966667,nan,0.0007618509458966667,""
331,0.003360381623815251,0.002819694981158286,0.004860381623815251,0.002819694981158286,1,0,ok,1,0.0007388256315417033,nan,0.0007388256315417033,""
332,0.003010313318117512,0.003190745707700441,0.004510313318117512,0.003190745707700441,1,0,ok,1,0.0007123654421465606,nan,0.0007123654421465606,""
333,0.002619535688936222,0.003518647072218792,0.004119535688936223,0.003518647072218792,1,0,ok,1,0.0006828282063807791,nan,0.0006828282063807791,""
334,0.002193333333333334,0.003798964771267738,0.003693333333333334,0.003798964771267738,1,0,ok,1,0.0006506133646874391,nan,0.0006506133646874391,""
335,0.001737469907025102,0.004027907988848136,0.003237469907025102,0.004027907988848136,1,0,ok,1,0.0006161565675364012,nan,0.0006161565675364012,""
336,0.001258110180825983,0.004202380660690612,0.002758110180825983,0.004202380660690612,1,0,ok,1,0.0005799237839990527,nan,0.0005799237839990527,""
337,0.0007617366726989348,0.004320023343213553,0.002261736672698935,0.004320023343213553,1,0,ok,1,0.0005424050003159805,nan,0.0005424050003159805,""
338,0.00025506198282062,0.004379245120949964,0.00175506198282062,0.004379245120949964,1,0,ok,1,0.0005041075936736287,nan,0.0005041075936736287,""
339,-0.0002550619828206204,0.004379245120949964,0.00124493801717938,0.004379245120949964,1,0,ok,1,0.0004655494707982515,nan,0.0004655494707982515,""
340,-0.0007617366726989334,0.004320023343213553,0.0007382633273010666,0.004320023343213553,1,0,ok,1,0.0004272520641558997,nan,0.0004272520641558997,""
341,-0.001258110180825982,0.004202380660690612,0.0002418898191740176,0.004202380660690612,1,0,ok,1,0.000389733280472827,nan,0.000389733280472827,""
342,-0.001737469907025101,0.004027907988848136,-0.0002374699070251012,0.004027907988848136,1,0,ok,1,0.000353500496935479,nan,0.000353500496935479,""
343,-0.002193333333333333,0.003798964771267738,-0.0006933333333333327,0.003798964771267738,1,0,ok,1,0.0003190436997844407,nan,0.0003190436997844407,""
344,-0.002619535688936222,0.003518647072218793,-0.001119535688936222,0.003518647072218793,1,0,ok,1,0.000286828858091101,nan,0.000286828858091101,""
345,-0.003010313318117511,0.003190745707700441,-0.001510313318117511,0.003190745707700441,1,0,ok,1,0.0002572916223253195,nan,0.0002572916223253195,""
346,-0.003360381623815252,0.002819694981158285,-0.001860381623815252,0.002819694981158285,1,0,ok,1,0.0002308314329301764,nan,0.0002308314329301764,""
347,-0.003665006532731414,0.00241051271713727,-0.002165006532731414,0.00241051271713727,1,0,ok,1,0.0002078061185752131,nan,0.0002078061185752131,""
348,-0.003920068515552035,0.001968732403812695,-0.002420068515552035,0.001968732403812695,1,0,ok,1,0.0001885270571375247,nan,0.0001885270571375247,""
349,-0.004122118296514185,0.001500328362055268,-0.002622118296514185,0.001500328362055268,1,0,ok,1,0.0001732549648501358,nan,0.0001732549648501358,""
350,-0.004268423498943495,0.001011634952990172,-0.002768423498943494,0.001011634952990172,1,0,ok,1,0.0001621963705622062,nan,0.0001621963705622062,""
351,-0.004357005595961324,0.000509260916629342,-0.002857005595961324,0.000509260916629342,1,0,ok,1,0.0001555008227906397,nan,0.0001555008227906397,""
352,-0.004386666666666667,5.372117292259723e-19,-0.002886666666666667,5.372117292259723e-19,1,0,ok,1,0.0001532588673329414,nan,0.0001532588673329414,""
353,-0.004357005595961324,-0.0005092609166293428,-0.002857005595961324,-0.0005092609166293428,1,0,ok,1,0.0001555008227906397,nan,0.0001555008227906397,""
354,-0.004268423498943495,-0.001011634952990171,-0.002768423498943494,-0.001011634952990171,1,0,ok,1,0.0001621963705622062,nan,0.0001621963705622062,""
355,-0.004122118296514186,-0.001500328362055265,-0.002622118296514186,-0.001500328362055265,1,0,ok,1,0.0001732549648501358,nan,0.0001732549648501358,""
356,-0.003920068515552036,-0.001968732403812694,-0.002420068515552036,-0.001968732403812694,1,0,ok,1,0.0001885270571375247,nan,0.0001885270571375247,""
357,-0.003665006532731415,-0.002410512717137269,-0.002165006532731415,-0.002410512717137269,1,0,ok,1,0.0002078061185752131,nan,0.0002078061185752131,""
358,-0.003360381623815251,-0.002819694981158286,-0.001860381623815251,-0.002819694981158286,1,0,ok,1,0.0002308314329301764,nan,0.0002308314329301764,""
359,-0.003010313318117512,-0.00319074570770044,-0.001510313318117512,-0.00319074570770044,1,0,ok,1,0.0002572916223253191,nan,0.0002572916223253191,""
360,-0.002619535688936222,-0.003518647072218792,-0.001119535688936222,-0.003518647072218792,1,0,ok,1,0.0002868288580911006,nan,0.0002868288580911006,""
361,-0.002193333333333335,-0.003798964771267737,-0.0006933333333333353,-0.003798964771267737,1,0,ok,1,0.0003190436997844407,nan,0.0003190436997844407,""
362,-0.001737469907025101,-0.004027907988848136,-0.0002374699070251014,-0.004027907988848136,1,0,ok,1,0.000353500496935479,nan,0.000353500496935479,""
363,-0.001258110180825984,-0.004202380660690611,0.0002418898191740156,-0.004202380660690611,1,0,ok,1,0.000389733280472827,nan,0.000389733280472827,""
364,-0.0007617366726989345,-0.004320023343213553,0.0007382633273010656,-0.004320023343213553,1,0,ok,1,0.0004272520641558993,nan,0.0004272520641558993,""
365,-0.0002550619828206225,-0.004379245120949964,0.001244938017179378,-0.004379245120949964,1,0,ok,1,0.0004655494707982511,nan,0.0004655494707982511,""
366,0.0002550619828206169,-0.004379245120949964,0.001755061982820617,-0.004379245120949964,1,0,ok,1,0.0005041075936736282,nan,0.0005041075936736282,""
367,0.0007617366726989366,-0.004320023343213553,0.002261736672698937,-0.004320023343213553,1,0,ok,1,0.0005424050003159805,nan,0.0005424050003159805,""
368,0.001258110180825983,-0.004202380660690612,0.002758110180825983,-0.004202380660690612,1,0,ok,1,0.0005799237839990527,nan,0.0005799237839990527,""
369,0.0017374699070251,-0.004027907988848137,0.0032374699070251,-0.004027907988848137,1,0,ok,1,0.0006161565675364012,nan,0.0006161565675364012,""
370,0.002193333333333334,-0.003798964771267738,0.003693333333333334,-0.003798964771267738,1,0,ok,1,0.0006506133646874391,nan,0.0006506133646874391,""
371,0.002619535688936221,-0.003518647072218793,0.004119535688936221,-0.003518647072218793,1,0,ok,1,0.0006828282063807787,nan,0.0006828282063807787,""
372,0.003010313318117512,-0.00319074570770044,0.004510313318117512,-0.00319074570770044,1,0,ok,1,0.0007123654421465606,nan,0.0007123654421465606,""
373,0.00336038162381525,-0.002819694981158287,0.00486038162381525,-0.002819694981158287,1,0,ok,1,0.0007388256315417033,nan,0.0007388256315417033,""
374,0.003665006532731413,-0.002410512717137272,0.005165006532731413,-0.002410512717137272,1,0,ok,1,0.0007618509458966667,nan,0.0007618509458966667,""
375,0.003920068515552035,-0.001968732403812695,0.005420068515552035,-0.001968732403812695,1,0,ok,1,0.0007811300073343555,nan,0.0007811300073343555,""
376,0.004122118296514184,-0.00150032836205527,0.005622118296514184,-0.00150032836205527,1,0,ok,1,0.0007964020996217435,nan,0.0007964020996217435,""
377,0.004268423498943495,-0.001011634952990169,0.005768423498943496,-0.001011634952990169,1,0,ok,1,0.0008074606939096735,nan,0.0008074606939096735,""
378,0.004357005595961324,-0.0005092609166293425,0.005857005595961324,-0.0005092609166293425,1,0,ok,1,0.0008141562416812405,nan,0.0008141562416812405,""
379,0.005013333333333333,0,0.006513333333333333,0,0,10,outside_Rin,1,0.001012182189748328,nan,0.001012182189748328,"r>Rin"
380,0.004979434966812941,0.0005820124761478208,0.006479434966812941,0.0005820124761478208,0,10,outside_Rin,1,0.00100961995493953,nan,0.00100961995493953,"r>Rin"
381,0.00487819828450685,0.001156154231988767,0.00637819828450685,0.001156154231988767,0,10,outside_Rin,1,0.001001967900343454,nan,0.001001967900343454,"r>Rin"
382,0.004710992338873355,0.001714660985206019,0.006210992338873355,0.001714660985206019,0,10,outside_Rin,1,0.0009893295068715341,nan,0.0009893295068715341,"r>Rin"
383,0.00448007830348804,0.00224997989007165,0.00598007830348804,0.00224997989007165,0,10,outside_Rin,1,0.0009718756871145186,nan,0.0009718756871145186,"r>Rin"
384,0.004188578894550188,0.002754871676728307,0.005688578894550189,0.002754871676728307,0,10,outside_Rin,1,0.0009498424740428746,nan,0.0009498424740428746,"r>Rin"
385,0.003840436141503143,0.003222508549895183,0.005340436141503143,0.003222508549895183,1,0,ok,1,0.0009235278290657734,nan,0.0009235278290657734,""
386,0.003440358077848584,0.003646566523086218,0.004940358077848584,0.003646566523086218,1,0,ok,1,0.0008932876126141816,nan,0.0008932876126141816,""
387,0.002993755073069968,0.004021310939678619,0.004493755073069968,0.004021310939678619,1,0,ok,1,0.0008595307717390028,nan,0.0008595307717390028,""
388,0.002506666666666667,0.004341674024305985,0.004006666666666667,0.004341674024305985,1,0,ok,1,0.0008227138098037571,nan,0.0008227138098037571,""
389,0.001985679893742973,0.00460332341582644,0.003485679893742973,0.00460332341582644,1,0,ok,1,0.0007833346130597138,nan,0.0007833346130597138,""
390,0.001437840206658266,0.004802720755074984,0.002937840206658266,0.004802720755074984,1,0,ok,1,0.0007419257175884583,nan,0.0007419257175884583,""
391,0.0008705561973702111,0.004937169535101203,0.002370556197370211,0.004937169535101203,1,0,ok,1,0.0006990471076649472,nan,0.0006990471076649472,""
392,0.0002914994089378514,0.005004851566799958,0.001791499408937851,0.005004851566799958,1,0,ok,1,0.0006552786429308306,nan,0.0006552786429308306,""
393,-0.0002914994089378519,0.005004851566799958,0.001208500591062148,0.005004851566799958,1,0,ok,1,0.0006112122167875426,nan,0.0006112122167875426,""
394,-0.0008705561973702095,0.004937169535101203,0.0006294438026297906,0.004937169535101203,1,0,ok,1,0.0005674437520534264,nan,0.0005674437520534264,""
395,-0.001437840206658265,0.004802720755074984,6.215979334173454e-05,0.004802720755074984,1,0,ok,1,0.0005245651421299149,nan,0.0005245651421299149,""
396,-0.001985679893742973,0.00460332341582644,-0.0004856798937429726,0.00460332341582644,1,0,ok,1,0.0004831562466586599,nan,0.0004831562466586599,""
397,-0.002506666666666665,0.004341674024305986,-0.001006666666666665,0.004341674024305986,1,0,ok,1,0.0004437770499146161,nan,0.0004437770499146161,""
398,-0.002993755073069967,0.004021310939678621,-0.001493755073069967,0.004021310939678621,1,0,ok,1,0.0004069600879793708,nan,0.0004069600879793708,""
399,-0.003440358077848584,0.003646566523086218,-0.001940358077848584,0.003646566523086218,1,0,ok,1,0.0003732032471041916,nan,0.0003732032471041916,""
400,-0.003840436141503144,0.003222508549895183,-0.002340436141503144,0.003222508549895183,1,0,ok,1,0.0003429630306525998,nan,0.0003429630306525998,""
401,-0.004188578894550187,0.002754871676728309,-0.002688578894550187,0.002754871676728309,1,0,ok,1,0.000316648385675499,nan,0.000316648385675499,""
402,-0.00448007830348804,0.002249979890071651,-0.00298007830348804,0.002249979890071651,1,0,ok,1,0.0002946151726038546,nan,0.0002946151726038546,""
403,-0.004710992338873354,0.00171466098520602,-0.003210992338873354,0.00171466098520602,1,0,ok,1,0.0002771613528468391,nan,0.0002771613528468391,""
404,-0.00487819828450685,0.001156154231988768,-0.00337819828450685,0.001156154231988768,1,0,ok,1,0.0002645229593749199,nan,0.0002645229593749199,""
405,-0.004979434966812941,0.0005820124761478193,-0.003479434966812941,0.0005820124761478193,1,0,ok,1,0.0002568709047788432,nan,0.0002568709047788432,""
406,-0.005013333333333333,6.139562619725397e-19,-0.003513333333333333,6.139562619725397e-19,1,0,ok,1,0.0002543086699700456,nan,0.0002543086699700456,""
407,-0.004979434966812941,-0.0005820124761478203,-0.003479434966812941,-0.0005820124761478203,1,0,ok,1,0.0002568709047788432,nan,0.0002568709047788432,""
408,-0.004878198284506851,-0.001156154231988766,-0.003378198284506851,-0.001156154231988766,1,0,ok,1,0.0002645229593749199,nan,0.0002645229593749199,""
409,-0.004710992338873355,-0.001714660985206017,-0.003210992338873354,-0.001714660985206017,1,0,ok,1,0.0002771613528468391,nan,0.0002771613528468391,""
410,-0.00448007830348804,-0.00224997989007165,-0.00298007830348804,-0.00224997989007165,1,0,ok,1,0.0002946151726038546,nan,0.0002946151726038546,""
411,-0.004188578894550188,-0.002754871676728307,-0.002688578894550188,-0.002754871676728307,1,0,ok,1,0.000316648385675499,nan,0.000316648385675499,""
412,-0.003840436141503143,-0.003222508549895183,-0.002340436141503143,-0.003222508549895183,1,0,ok,1,0.0003429630306525998,nan,0.0003429630306525998,""
413,-0.003440358077848584,-0.003646566523086217,-0.001940358077848584,-0.003646566523086217,1,0,ok,1,0.0003732032471041916,nan,0.0003732032471041916,""
414,-0.002993755073069968,-0.004021310939678619,-0.001493755073069968,-0.004021310939678619,1,0,ok,1,0.0004069600879793704,nan,0.0004069600879793704,""
415,-0.002506666666666669,-0.004341674024305985,-0.001006666666666669,-0.004341674024305985,1,0,ok,1,0.0004437770499146161,nan,0.0004437770499146161,""
416,-0.001985679893742973,-0.00460332341582644,-0.000485679893742973,-0.00460332341582644,1,0,ok,1,0.0004831562466586599,nan,0.0004831562466586599,""
417,-0.001437840206658268,-0.004802720755074983,6.215979334173237e-05,-0.004802720755074983,1,0,ok,1,0.0005245651421299144,nan,0.0005245651421299144,""
418,-0.0008705561973702106,-0.004937169535101203,0.0006294438026297894,-0.004937169535101203,1,0,ok,1,0.000567443752053426,nan,0.000567443752053426,""
419,-0.0002914994089378542,-0.005004851566799958,0.001208500591062146,-0.005004851566799958,1,0,ok,1,0.0006112122167875422,nan,0.0006112122167875422,""
420,0.0002914994089378479,-0.005004851566799958,0.001791499408937848,-0.005004851566799958,1,0,ok,1,0.0006552786429308306,nan,0.0006552786429308306,""
421,0.0008705561973702132,-0.004937169535101203,0.002370556197370213,-0.004937169535101203,1,0,ok,1,0.0006990471076649472,nan,0.0006990471076649472,""
422,0.001437840206658266,-0.004802720755074984,0.002937840206658266,-0.004802720755074984,1,0,ok,1,0.0007419257175884583,nan,0.0007419257175884583,""
423,0.001985679893742971,-0.004603323415826441,0.003485679893742971,-0.004603323415826441,1,0,ok,1,0.0007833346130597134,nan,0.0007833346130597134,""
424,0.002506666666666667,-0.004341674024305985,0.004006666666666667,-0.004341674024305985,1,0,ok,1,0.0008227138098037571,nan,0.0008227138098037571,""
425,0.002993755073069966,-0.004021310939678621,0.004493755073069966,-0.004021310939678621,1,0,ok,1,0.0008595307717390028,nan,0.0008595307717390028,""
426,0.003440358077848585,-0.003646566523086217,0.004940358077848585,-0.003646566523086217,1,0,ok,1,0.000893287612614182,nan,0.000893287612614182,""
427,0.003840436141503142,-0.003222508549895185,0.005340436141503141,-0.003222508549895185,1,0,ok,1,0.000923527829065773,nan,0.000923527829065773,""
428,0.004188578894550186,-0.002754871676728311,0.005688578894550185,-0.002754871676728311,0,10,outside_Rin,1,0.0009498424740428738,nan,0.0009498424740428738,"r>Rin"
429,0.00448007830348804,-0.002249979890071652,0.00598007830348804,-0.002249979890071652,0,10,outside_Rin,1,0.0009718756871145186,nan,0.0009718756871145186,"r>Rin"
430,0.004710992338873353,-0.001714660985206023,0.006210992338873353,-0.001714660985206023,0,10,outside_Rin,1,0.0009893295068715341,nan,0.0009893295068715341,"r>Rin"
431,0.004878198284506851,-0.001156154231988764,0.00637819828450685,-0.001156154231988764,0,10,outside_Rin,1,0.001001967900343453,nan,0.001001967900343453,"r>Rin"
432,0.004979434966812941,-0.0005820124761478199,0.006479434966812941,-0.0005820124761478199,0,10,outside_Rin,1,0.00100961995493953,nan,0.00100961995493953,"r>Rin"
433,0.00564,0,0.007140000000000001,0,0,10,outside_Rin,1,0.001227755102040817,nan,0.001227755102040817,"r>Rin"
434,0.005601864337664558,0.0006547640356662985,0.007101864337664559,0.0006547640356662985,0,10,outside_Rin,1,0.001224872587880919,nan,0.001224872587880919,"r>Rin"
435,0.005487973070070207,0.001300673510987362,0.006987973070070206,0.001300673510987362,0,10,outside_Rin,1,0.001216264026460333,nan,0.001216264026460333,"r>Rin"
436,0.005299866381232523,0.001928993608356772,0.006799866381232523,0.001928993608356772,0,10,outside_Rin,1,0.001202045833804424,nan,0.001202045833804424,"r>Rin"
437,0.005040088091424045,0.002531227376330606,0.006540088091424045,0.002531227376330606,0,10,outside_Rin,1,0.001182410286577782,nan,0.001182410286577782,"r>Rin"
438,0.004712151256368962,0.003099230636319346,0.006212151256368962,0.003099230636319346,0,10,outside_Rin,1,0.001157622921872182,nan,0.001157622921872182,"r>Rin"
439,0.004320490659191036,0.003625322118632081,0.005820490659191036,0.003625322118632081,0,10,outside_Rin,1,0.001128018946272943,nan,0.001128018946272943,"r>Rin"
440,0.003870402837579657,0.004102387338471995,0.005370402837579657,0.004102387338471995,0,10,outside_Rin,1,0.001093998702764902,nan,0.001093998702764902,"r>Rin"
441,0.003367974457203714,0.004523974807138446,0.004867974457203715,0.004523974807138446,0,10,outside_Rin,1,0.001056022256780326,nan,0.001056022256780326,"r>Rin"
442,0.00282,0.004884383277344233,0.004320000000000001,0.004884383277344233,0,10,outside_Rin,1,0.001014603174603175,nan,0.001014603174603175,"r>Rin"
443,0.002233889880460845,0.005178738842804746,0.003733889880460845,0.005178738842804746,0,10,outside_Rin,1,0.0009703015782661262,nan,0.0009703015782661262,"r>Rin"
444,0.001617570232490549,0.005403060849459357,0.003117570232490549,0.005403060849459357,1,0,ok,1,0.0009237165708609642,nan,0.0009237165708609642,""
445,0.0009793757220414876,0.005554315726988853,0.002479375722041488,0.005554315726988853,1,0,ok,1,0.0008754781346970134,nan,0.0008754781346970134,""
446,0.0003279368350550828,0.005630458012649953,0.001827936835055083,0.005630458012649953,1,0,ok,1,0.0008262386118711327,nan,0.0008262386118711327,""
447,-0.0003279368350550834,0.005630458012649953,0.001172063164944917,0.005630458012649953,1,0,ok,1,0.0007766638824599336,nan,0.0007766638824599336,""
448,-0.0009793757220414856,0.005554315726988854,0.0005206242779585144,0.005554315726988854,1,0,ok,1,0.000727424359634053,nan,0.000727424359634053,""
449,-0.001617570232490549,0.005403060849459357,-0.0001175702324905487,0.005403060849459357,1,0,ok,1,0.0006791859234701022,nan,0.0006791859234701022,""
450,-0.002233889880460844,0.005178738842804746,-0.0007338898804608441,0.005178738842804746,1,0,ok,1,0.0006326009160649401,nan,0.0006326009160649401,""
451,-0.002819999999999999,0.004884383277344234,-0.001319999999999999,0.004884383277344234,1,0,ok,1,0.0005882993197278913,nan,0.0005882993197278913,""
452,-0.003367974457203713,0.004523974807138448,-0.001867974457203713,0.004523974807138448,1,0,ok,1,0.00054688023755074,nan,0.00054688023755074,""
453,-0.003870402837579657,0.004102387338471995,-0.002370402837579657,0.004102387338471995,1,0,ok,1,0.000508903791566164,nan,0.000508903791566164,""
454,-0.004320490659191037,0.003625322118632081,-0.002820490659191037,0.003625322118632081,1,0,ok,1,0.0004748835480581229,nan,0.0004748835480581229,""
455,-0.00471215125636896,0.003099230636319347,-0.00321215125636896,0.003099230636319347,1,0,ok,1,0.0004452795724588844,nan,0.0004452795724588844,""
456,-0.005040088091424044,0.002531227376330608,-0.003540088091424044,0.002531227376330608,1,0,ok,1,0.0004204922077532848,nan,0.0004204922077532848,""
457,-0.005299866381232523,0.001928993608356772,-0.003799866381232523,0.001928993608356772,1,0,ok,1,0.0004008566605266423,nan,0.0004008566605266423,""
458,-0.005487973070070207,0.001300673510987364,-0.003987973070070207,0.001300673510987364,1,0,ok,1,0.000386638467870733,nan,0.000386638467870733,""
459,-0.005601864337664558,0.0006547640356662967,-0.004101864337664558,0.0006547640356662967,1,0,ok,1,0.0003780299064501469,nan,0.0003780299064501469,""
460,-0.00564,6.907007947191073e-19,-0.00414,6.907007947191073e-19,1,0,ok,1,0.0003751473922902495,nan,0.0003751473922902495,""
461,-0.005601864337664558,-0.0006547640356662979,-0.004101864337664558,-0.0006547640356662979,1,0,ok,1,0.0003780299064501469,nan,0.0003780299064501469,""
462,-0.005487973070070207,-0.001300673510987362,-0.003987973070070207,-0.001300673510987362,1,0,ok,1,0.000386638467870733,nan,0.000386638467870733,""
463,-0.005299866381232524,-0.001928993608356769,-0.003799866381232524,-0.001928993608356769,1,0,ok,1,0.0004008566605266423,nan,0.0004008566605266423,""
464,-0.005040088091424045,-0.002531227376330606,-0.003540088091424045,-0.002531227376330606,1,0,ok,1,0.0004204922077532848,nan,0.0004204922077532848,""
465,-0.004712151256368962,-0.003099230636319346,-0.003212151256368962,-0.003099230636319346,1,0,ok,1,0.0004452795724588844,nan,0.0004452795724588844,""
466,-0.004320490659191036,-0.003625322118632081,-0.002820490659191036,-0.003625322118632081,1,0,ok,1,0.0004748835480581229,nan,0.0004748835480581229,""
467,-0.003870402837579657,-0.004102387338471994,-0.002370402837579657,-0.004102387338471994,1,0,ok,1,0.0005089037915661635,nan,0.0005089037915661635,""
468,-0.003367974457203714,-0.004523974807138446,-0.001867974457203714,-0.004523974807138446,1,0,ok,1,0.00054688023755074,nan,0.00054688023755074,""
469,-0.002820000000000003,-0.004884383277344233,-0.001320000000000003,-0.004884383277344233,1,0,ok,1,0.0005882993197278913,nan,0.0005882993197278913,""
470,-0.002233889880460845,-0.005178738842804746,-0.0007338898804608446,-0.005178738842804746,1,0,ok,1,0.0006326009160649401,nan,0.0006326009160649401,""
471,-0.001617570232490551,-0.005403060849459356,-0.0001175702324905513,-0.005403060849459356,1,0,ok,1,0.0006791859234701022,nan,0.0006791859234701022,""
472,-0.0009793757220414871,-0.005554315726988853,0.0005206242779585129,-0.005554315726988853,1,0,ok,1,0.0007274243596340525,nan,0.0007274243596340525,""
473,-0.000327936835055086,-0.005630458012649953,0.001172063164944914,-0.005630458012649953,1,0,ok,1,0.0007766638824599332,nan,0.0007766638824599332,""
474,0.0003279368350550789,-0.005630458012649953,0.001827936835055079,-0.005630458012649953,1,0,ok,1,0.0008262386118711323,nan,0.0008262386118711323,""
475,0.00097937572204149,-0.005554315726988853,0.00247937572204149,-0.005554315726988853,1,0,ok,1,0.0008754781346970138,nan,0.0008754781346970138,""
476,0.001617570232490549,-0.005403060849459357,0.003117570232490549,-0.005403060849459357,1,0,ok,1,0.0009237165708609642,nan,0.0009237165708609642,""
477,0.002233889880460843,-0.005178738842804747,0.003733889880460843,-0.005178738842804747,0,10,outside_Rin,1,0.0009703015782661258,nan,0.0009703015782661258,"r>Rin"
478,0.00282,-0.004884383277344233,0.004320000000000001,-0.004884383277344233,0,10,outside_Rin,1,0.001014603174603175,nan,0.001014603174603175,"r>Rin"
479,0.003367974457203712,-0.004523974807138448,0.004867974457203712,-0.004523974807138448,0,10,outside_Rin,1,0.001056022256780326,nan,0.001056022256780326,"r>Rin"
480,0.003870402837579658,-0.004102387338471994,0.005370402837579658,-0.004102387338471994,0,10,outside_Rin,1,0.001093998702764902,nan,0.001093998702764902,"r>Rin"
481,0.004320490659191035,-0.003625322118632083,0.005820490659191034,-0.003625322118632083,0,10,outside_Rin,1,0.001128018946272943,nan,0.001128018946272943,"r>Rin"
482,0.004712151256368959,-0.00309923063631935,0.00621215125636896,-0.00309923063631935,0,10,outside_Rin,1,0.001157622921872182,nan,0.001157622921872182,"r>Rin"
483,0.005040088091424044,-0.002531227376330608,0.006540088091424045,-0.002531227376330608,0,10,outside_Rin,1,0.001182410286577782,nan,0.001182410286577782,"r>Rin"
484,0.005299866381232522,-0.001928993608356776,0.006799866381232521,-0.001928993608356776,0,10,outside_Rin,1,0.001202045833804424,nan,0.001202045833804424,"r>Rin"
485,0.005487973070070208,-0.001300673510987359,0.006987973070070208,-0.001300673510987359,0,10,outside_Rin,1,0.001216264026460334,nan,0.001216264026460334,"r>Rin"
486,0.005601864337664558,-0.0006547640356662975,0.007101864337664559,-0.0006547640356662975,0,10,outside_Rin,1,0.001224872587880919,nan,0.001224872587880919,"r>Rin"
